Brand,Model,Cpu,Processor,Ram,SSD (TB),Screen,Price,Date,Url
Apple,MacBook Pro,Apple M1,M1 M1,8,1,13,14552.0,17-11-2021,https://www.fcomputer.dk/apple-macbook-pro-13-3-m1-8-gb-ram-1-tb-ssd-usa
Apple,MacBook Pro,Apple M1,M1 M1,8,1,13,14552.0,17-11-2021,https://www.fcomputer.dk/apple-macbook-pro-13-3-m1-8-gb-ram-1-tb-ssd-dansk-2
Apple,MacBook Pro,Apple M1,M1 M1,16,1,13,16296.0,17-11-2021,https://www.fcomputer.dk/apple-macbook-pro-13-3-m1-16-gb-ram-1-tb-ssd-dansk-1
Apple,MacBook Pro,Apple M1,M1 M1,16,1,13,16296.0,17-11-2021,https://www.fcomputer.dk/apple-macbook-pro-13-3-m1-16-gb-ram-1-tb-ssd-dansk-2
Apple,MacBook Pro,Apple M1,M1 M1,16,2,13,19784.0,17-11-2021,https://www.fcomputer.dk/apple-macbook-pro-13-3-m1-16-gb-ram-2-tb-ssd-dansk
Apple,MacBook Pro,Apple M1,M1 M1,16,2,13,19784.0,17-11-2021,https://www.fcomputer.dk/apple-macbook-pro-13-3-m1-16-gb-ram-2-tb-ssd-usa-3
Apple,MacBook Pro,Apple M1,M1 M1,16,2,13,19784.0,17-11-2021,https://www.fcomputer.dk/apple-macbook-pro-13-3-m1-16-gb-ram-2-tb-ssd-dansk-3
Apple,MacBook Pro,Apple M1,M1 M1,16,2,13,19784.0,17-11-2021,https://www.fcomputer.dk/apple-macbook-pro-13-3-m1-16-gb-ram-2-tb-ssd-dansk-1
Apple,MacBook Pro,Apple M1,M1 M1,16,2,13,19784.0,17-11-2021,https://www.fcomputer.dk/apple-macbook-pro-13-3-m1-16-gb-ram-2-tb-ssd-usa-1
Apple,MacBook Pro,Apple M1,M1 M1,16,1,13,16296.0,17-11-2021,https://www.fcomputer.dk/apple-macbook-pro-13-3-m1-16-gb-ram-1-tb-ssd-internationalt-engelsk-2
Apple,MacBook Pro,Apple M1,M1 M1,16,1,13,16296.0,17-11-2021,https://www.fcomputer.dk/apple-macbook-pro-13-3-m1-16-gb-ram-1-tb-ssd-usa-3
Apple,MacBook Pro,Apple M1,M1 M1,16,1,13,16296.0,17-11-2021,https://www.fcomputer.dk/apple-macbook-pro-13-3-m1-16-gb-ram-1-tb-ssd-dansk-3
Apple,MacBook Pro,Apple M1,M1 M1,16,1,13,16296.0,17-11-2021,https://www.fcomputer.dk/apple-macbook-pro-13-3-m1-16-gb-ram-1-tb-ssd-usa
Apple,MacBook Pro,Apple M1,M1 M1,16,1,13,18151.0,17-11-2021,https://www.fcomputer.dk/apple-macbook-pro-13-3-m1-16-gb-ram-1-tb-ssd-dansk-z11c4dkcto
Apple,MacBook Pro,Apple M1,M1 M1,16,1,13,16296.0,17-11-2021,https://www.fcomputer.dk/apple-macbook-pro-13-3-m1-16-gb-ram-1-tb-ssd-usa-2
Apple,MacBook Pro,Apple M1,M1 M1,16,1,13,16297.0,17-11-2021,https://www.fcomputer.dk/apple-macbook-pro-13-3-m1-16-gb-ram-1-tb-ssd-usa-1
Apple,MacBook Pro,Apple M1,M1 M1,16,2,13,19784.0,17-11-2021,https://www.fcomputer.dk/apple-macbook-pro-13-3-m1-16-gb-ram-2-tb-ssd-dansk-2
Apple,MacBook Pro,Apple M1,M1 M1,16,2,13,19784.0,17-11-2021,https://www.fcomputer.dk/apple-macbook-pro-13-3-m1-16-gb-ram-2-tb-ssd-usa
Apple,MacBook Pro,Apple M1,M1 M1,16,1,13,16296.0,17-11-2021,https://www.fcomputer.dk/apple-macbook-pro-13-3-m1-16-gb-ram-1-tb-ssd-internationalt-engelsk
Apple,MacBook Pro,Apple M1,M1 M1,16,2,13,19784.0,17-11-2021,https://www.fcomputer.dk/apple-macbook-pro-13-3-m1-16-gb-ram-2-tb-ssd-usa-2
Apple,MacBook Pro,Apple M1,M1 Pro,16,2,14,22400.0,17-11-2021,https://www.fcomputer.dk/apple-macbook-pro-14-2-m1-pro-16-gb-ram-2-tb-ssd-dansk-z15j11dkcto
Apple,MacBook Pro,Apple M1,M1 Pro,16,2,14,24823.0,17-11-2021,https://www.fcomputer.dk/apple-macbook-pro-14-2-m1-pro-16-gb-ram-2-tb-ssd-dansk-z15j69dkcto
Apple,MacBook Pro,Apple M1,M1 Pro,16,2,14,22575.0,17-11-2021,https://www.fcomputer.dk/apple-macbook-pro-14-2-m1-pro-16-gb-ram-2-tb-ssd-dansk-z15j61dkcto
Apple,MacBook Pro,Apple M1,M1 Pro,16,2,14,24144.0,17-11-2021,https://www.fcomputer.dk/apple-macbook-pro-14-2-m1-pro-16-gb-ram-2-tb-ssd-dansk-z15j15dkcto
Apple,MacBook Pro,Apple M1,M1 Pro,16,2,14,24823.0,17-11-2021,https://www.fcomputer.dk/apple-macbook-pro-14-2-m1-pro-16-gb-ram-2-tb-ssd-dansk-z15g19dkcto
Apple,MacBook Pro,Apple M1,M1 Pro,16,2,14,22400.0,17-11-2021,https://www.fcomputer.dk/apple-macbook-pro-14-2-m1-pro-16-gb-ram-2-tb-ssd-dansk-z15g11dkcto
Apple,MacBook Pro,Apple M1,M1 Pro,16,2,14,24823.0,17-11-2021,https://www.fcomputer.dk/apple-macbook-pro-14-2-m1-pro-16-gb-ram-2-tb-ssd-dansk-z15k6dkcto
Apple,MacBook Pro,Apple M1,M1 Pro,16,2,14,22575.0,17-11-2021,https://www.fcomputer.dk/apple-macbook-pro-14-2-m1-pro-16-gb-ram-2-tb-ssd-dansk-z15g61dkcto
Apple,MacBook Pro,Apple M1,M1 Pro,16,2,14,24144.0,17-11-2021,https://www.fcomputer.dk/apple-macbook-pro-14-2-m1-pro-16-gb-ram-2-tb-ssd-dansk-z15g15dkcto
Apple,MacBook Pro,Apple M1,M1 Pro,16,2,14,24823.0,17-11-2021,https://www.fcomputer.dk/apple-macbook-pro-14-2-m1-pro-16-gb-ram-2-tb-ssd-dansk-z15h6dkcto
Apple,MacBook Pro,Apple M1,M1 Pro,16,2,14,24144.0,17-11-2021,https://www.fcomputer.dk/apple-macbook-pro-14-2-m1-pro-16-gb-ram-2-tb-ssd-dansk-z15g65dkcto
Apple,MacBook Pro,Apple M1,M1 Pro,16,2,14,24823.0,17-11-2021,https://www.fcomputer.dk/apple-macbook-pro-14-2-m1-pro-16-gb-ram-2-tb-ssd-dansk-z15g69dkcto
Apple,MacBook Pro,Apple M1,M1 Pro,16,2,14,24823.0,17-11-2021,https://www.fcomputer.dk/apple-macbook-pro-14-2-m1-pro-16-gb-ram-2-tb-ssd-dansk-z15j19dkcto
Apple,MacBook Pro,Apple M1,M1 Pro,16,4,14,30055.0,17-11-2021,https://www.fcomputer.dk/apple-macbook-pro-14-2-m1-pro-16-gb-ram-4-tb-ssd-dansk-z15k7dkcto
Apple,MacBook Pro,Apple M1,M1 Pro,16,1,14,21334.0,17-11-2021,https://www.fcomputer.dk/apple-macbook-pro-14-2-m1-pro-16-gb-ram-1-tb-ssd-dansk-z15g68dkcto
Apple,MacBook Pro,Apple M1,M1 Pro,16,8,14,40519.0,17-11-2021,https://www.fcomputer.dk/apple-macbook-pro-14-2-m1-pro-16-gb-ram-8-tb-ssd-dansk-z15g71dkcto
Apple,MacBook Pro,Apple M1,M1 Pro,16,8,14,40519.0,17-11-2021,https://www.fcomputer.dk/apple-macbook-pro-14-2-m1-pro-16-gb-ram-8-tb-ssd-dansk-z15j21dkcto
Apple,MacBook Pro,Apple M1,M1 Pro,16,1,14,21334.0,17-11-2021,https://www.fcomputer.dk/apple-macbook-pro-14-2-m1-pro-16-gb-ram-1-tb-ssd-dansk-z15j68dkcto
Apple,MacBook Pro,Apple M1,M1 Pro,16,1,14,21334.0,17-11-2021,https://www.fcomputer.dk/apple-macbook-pro-14-2-m1-pro-16-gb-ram-1-tb-ssd-islandsk-z15h371dkcto
Apple,MacBook Pro,Apple M1,M1 Pro,16,8,14,40519.0,17-11-2021,https://www.fcomputer.dk/apple-macbook-pro-14-2-m1-pro-16-gb-ram-8-tb-ssd-dansk-z15g21dkcto
Apple,MacBook Pro,Apple M1,M1 Pro,32,2,14,28311.0,17-11-2021,https://www.fcomputer.dk/apple-macbook-pro-14-2-m1-pro-32-gb-ram-2-tb-ssd-dansk-z15g39dkcto
Apple,MacBook Pro,Apple M1,M1 Pro,32,2,14,27633.0,17-11-2021,https://www.fcomputer.dk/apple-macbook-pro-14-2-m1-pro-32-gb-ram-2-tb-ssd-dansk-z15g35dkcto
Apple,MacBook Pro,Apple M1,M1 Pro,32,2,14,28311.0,17-11-2021,https://www.fcomputer.dk/apple-macbook-pro-14-2-m1-pro-32-gb-ram-2-tb-ssd-dansk-z15j89dkcto
Apple,MacBook Pro,Apple M1,M1 Pro,32,2,14,28311.0,17-11-2021,https://www.fcomputer.dk/apple-macbook-pro-14-2-m1-pro-32-gb-ram-2-tb-ssd-svensk-z15h723dkcto
Apple,MacBook Pro,Apple M1,M1 Pro,32,2,14,28311.0,17-11-2021,https://www.fcomputer.dk/apple-macbook-pro-14-2-m1-pro-32-gb-ram-2-tb-ssd-dansk-z15k15dkcto
Apple,MacBook Pro,Apple M1,M1 Pro,32,2,14,25888.0,17-11-2021,https://www.fcomputer.dk/apple-macbook-pro-14-2-m1-pro-32-gb-ram-2-tb-ssd-dansk-z15g31dkcto
Apple,MacBook Pro,Apple M1,M1 Pro,32,2,14,28311.0,17-11-2021,https://www.fcomputer.dk/apple-macbook-pro-14-2-m1-pro-32-gb-ram-2-tb-ssd-spansk-z15h725dkcto
Apple,MacBook Pro,Apple M1,M1 Pro,32,2,14,28311.0,17-11-2021,https://www.fcomputer.dk/apple-macbook-pro-14-2-m1-pro-32-gb-ram-2-tb-ssd-dansk-z15g89dkcto
Apple,MacBook Pro,Apple M1,M1 Pro,32,2,14,28311.0,17-11-2021,https://www.fcomputer.dk/apple-macbook-pro-14-2-m1-pro-32-gb-ram-2-tb-ssd-dansk-z15j39dkcto
Apple,MacBook Pro,Apple M1,M1 Pro,32,2,14,28311.0,17-11-2021,https://www.fcomputer.dk/apple-macbook-pro-14-2-m1-pro-32-gb-ram-2-tb-ssd-svensk-z15h255dkcto
Apple,MacBook Pro,Apple M1,M1 Pro,32,2,14,28311.0,17-11-2021,https://www.fcomputer.dk/apple-macbook-pro-14-2-m1-pro-32-gb-ram-2-tb-ssd-usa-z15j769dkcto
Apple,MacBook Pro,Apple M1,M1 Pro,32,2,14,28311.0,17-11-2021,https://www.fcomputer.dk/apple-macbook-pro-14-2-m1-pro-32-gb-ram-2-tb-ssd-islandsk-z15h731dkcto
Apple,MacBook Pro,Apple M1,M1 Pro,32,2,14,25888.0,17-11-2021,https://www.fcomputer.dk/apple-macbook-pro-14-2-m1-pro-32-gb-ram-2-tb-ssd-dansk-z15j31dkcto
Apple,MacBook Pro,Apple M1,M1 Pro,32,2,14,28311.0,17-11-2021,https://www.fcomputer.dk/apple-macbook-pro-14-2-m1-pro-32-gb-ram-2-tb-ssd-spansk-z15h257dkcto
Apple,MacBook Pro,Apple M1,M1 Pro,32,2,14,26063.0,17-11-2021,https://www.fcomputer.dk/apple-macbook-pro-14-2-m1-pro-32-gb-ram-2-tb-ssd-dansk-z15j81dkcto
Apple,MacBook Pro,Apple M1,M1 Pro,32,2,14,28311.0,17-11-2021,https://www.fcomputer.dk/apple-macbook-pro-14-2-m1-pro-32-gb-ram-2-tb-ssd-tysk-z15h727dkcto
Apple,MacBook Pro,Apple M1,M1 Pro,32,2,14,28311.0,17-11-2021,https://www.fcomputer.dk/apple-macbook-pro-14-2-m1-pro-32-gb-ram-2-tb-ssd-fransk-z15h258dkcto
Apple,MacBook Pro,Apple M1,M1 Pro,32,2,14,27633.0,17-11-2021,https://www.fcomputer.dk/apple-macbook-pro-14-2-m1-pro-32-gb-ram-2-tb-ssd-dansk-z15g85dkcto
Apple,MacBook Pro,Apple M1,M1 Pro,32,4,14,33543.0,17-11-2021,https://www.fcomputer.dk/apple-macbook-pro-14-2-m1-pro-32-gb-ram-4-tb-ssd-dansk-z15k16dkcto
Apple,MacBook Pro,Apple M1,M1 Pro,32,4,14,31295.0,17-11-2021,https://www.fcomputer.dk/apple-macbook-pro-14-2-m1-pro-32-gb-ram-4-tb-ssd-dansk-z15g82dkcto
Apple,MacBook Pro,Apple M1,M1 Pro,16,1,14,21334.0,17-11-2021,https://www.fcomputer.dk/apple-macbook-pro-14-2-m1-pro-16-gb-ram-1-tb-ssd-dansk-z15g68dkcto
Apple,MacBook Pro,Apple M1,M1 Pro,16,1,14,21334.0,17-11-2021,https://www.fcomputer.dk/apple-macbook-pro-14-2-m1-pro-16-gb-ram-1-tb-ssd-dansk-z15j68dkcto
Apple,MacBook Pro,Apple M1,M1 Pro,16,1,14,21334.0,17-11-2021,https://www.fcomputer.dk/apple-macbook-pro-14-2-m1-pro-16-gb-ram-1-tb-ssd-islandsk-z15h371dkcto
Apple,MacBook Pro,Apple M1,M1 Pro,16,1,14,18912.0,17-11-2021,https://www.fcomputer.dk/apple-macbook-pro-14-2-m1-pro-16-gb-ram-1-tb-ssd-dansk-z15j10dkcto
Apple,MacBook Pro,Apple M1,M1 Pro,16,1,14,21334.0,17-11-2021,https://www.fcomputer.dk/apple-macbook-pro-14-2-m1-pro-16-gb-ram-1-tb-ssd-dansk-z15g18dkcto
Apple,MacBook Pro,Apple M1,M1 Pro,16,1,14,18912.0,17-11-2021,https://www.fcomputer.dk/apple-macbook-pro-14-2-m1-pro-16-gb-ram-1-tb-ssd-islandsk-z15g1751dkcto
Apple,MacBook Pro,Apple M1,M1 Pro,16,1,14,21334.0,17-11-2021,https://www.fcomputer.dk/apple-macbook-pro-14-2-m1-pro-16-gb-ram-1-tb-ssd-usa-z15g517dkcto
Apple,MacBook Pro,Apple M1,M1 Pro,16,1,14,20627.0,17-11-2021,https://www.fcomputer.dk/apple-macbook-pro-14-2-m1-pro-16-gb-ram-1-tb-ssd-dansk-mkgq3dka-9
Apple,MacBook Pro,Apple M1,M1 Pro,16,1,14,24204.0,17-11-2021,https://www.fcomputer.dk/apple-macbook-pro-14-2-m1-pro-16-gb-ram-1-tb-ssd-dansk-mkgt3dka-9
Apple,MacBook Pro,Apple M1,M1 Pro,16,1,14,20656.0,17-11-2021,https://www.fcomputer.dk/apple-macbook-pro-14-2-m1-pro-16-gb-ram-1-tb-ssd-dansk-z15g14dkcto
Apple,MacBook Pro,Apple M1,M1 Pro,16,4,14,30055.0,17-11-2021,https://www.fcomputer.dk/apple-macbook-pro-14-2-m1-pro-16-gb-ram-4-tb-ssd-dansk-z15k7dkcto
Apple,MacBook Pro,Apple M1,M1 Pro,16,8,14,40519.0,17-11-2021,https://www.fcomputer.dk/apple-macbook-pro-14-2-m1-pro-16-gb-ram-8-tb-ssd-dansk-z15g71dkcto
Apple,MacBook Pro,Apple M1,M1 Pro,16,8,14,40519.0,17-11-2021,https://www.fcomputer.dk/apple-macbook-pro-14-2-m1-pro-16-gb-ram-8-tb-ssd-dansk-z15j21dkcto
Apple,MacBook Pro,Apple M1,M1 Pro,16,8,14,40519.0,17-11-2021,https://www.fcomputer.dk/apple-macbook-pro-14-2-m1-pro-16-gb-ram-8-tb-ssd-dansk-z15g21dkcto
Apple,MacBook Pro,Apple M1,M1 Pro,16,2,14,22400.0,17-11-2021,https://www.fcomputer.dk/apple-macbook-pro-14-2-m1-pro-16-gb-ram-2-tb-ssd-dansk-z15j11dkcto
Apple,MacBook Pro,Apple M1,M1 Pro,16,4,14,30055.0,17-11-2021,https://www.fcomputer.dk/apple-macbook-pro-14-2-m1-pro-16-gb-ram-4-tb-ssd-dansk-z15j70dkcto
Apple,MacBook Pro,Apple M1,M1 Pro,16,2,14,24823.0,17-11-2021,https://www.fcomputer.dk/apple-macbook-pro-14-2-m1-pro-16-gb-ram-2-tb-ssd-dansk-z15j69dkcto
Apple,MacBook Pro,Apple M1,M1 Pro,16,1,14,21334.0,17-11-2021,https://www.fcomputer.dk/apple-macbook-pro-14-2-m1-pro-16-gb-ram-1-tb-ssd-dansk-z15j18dkcto
Apple,MacBook Pro,Apple M1,M1 Pro,16,1,14,18912.0,17-11-2021,https://www.fcomputer.dk/apple-macbook-pro-14-2-m1-pro-16-gb-ram-1-tb-ssd-dansk-z15g10dkcto
Apple,MacBook Pro,Apple M1,M1 Pro,16,1,14,20656.0,17-11-2021,https://www.fcomputer.dk/apple-macbook-pro-14-2-m1-pro-16-gb-ram-1-tb-ssd-dansk-z15j14dkcto
Apple,MacBook Pro,Apple M1,M1 Pro,32,1,16,26567.0,17-11-2021,https://www.fcomputer.dk/apple-macbook-pro-16-2-m1-pro-32-gb-ram-1-tb-ssd-dansk-z14w31dkcto
Apple,MacBook Pro,Apple M1,M1 Pro,32,1,16,26567.0,17-11-2021,https://www.fcomputer.dk/apple-macbook-pro-16-2-m1-pro-32-gb-ram-1-tb-ssd-tysk-z14v313dkcto
Apple,MacBook Pro,Apple M1,M1 Pro,32,1,16,26567.0,17-11-2021,https://www.fcomputer.dk/apple-macbook-pro-16-2-m1-pro-32-gb-ram-1-tb-ssd-islandsk-z14z443dkcto
Apple,MacBook Pro,Apple M1,M1 Pro,32,2,16,30055.0,17-11-2021,https://www.fcomputer.dk/apple-macbook-pro-16-2-m1-pro-32-gb-ram-2-tb-ssd-dansk-z14y19dkcto
Apple,MacBook Pro,Apple M1,M1 Pro,32,2,16,30055.0,17-11-2021,https://www.fcomputer.dk/apple-macbook-pro-16-2-m1-pro-32-gb-ram-2-tb-ssd-dansk-z14v19dkcto
Apple,MacBook Pro,Apple M1,M1 Pro,32,4,16,35287.0,17-11-2021,https://www.fcomputer.dk/apple-macbook-pro-16-2-m1-pro-32-gb-ram-4-tb-ssd-dansk-z14y20dkcto
Apple,MacBook Pro,Apple M1,M1 Pro,32,1,16,26567.0,17-11-2021,https://www.fcomputer.dk/apple-macbook-pro-16-2-m1-pro-32-gb-ram-1-tb-ssd-dansk-z14v18dkcto
Apple,MacBook Pro,Apple M1,M1 Pro,32,1,16,26567.0,17-11-2021,https://www.fcomputer.dk/apple-macbook-pro-16-2-m1-pro-32-gb-ram-1-tb-ssd-islandsk-z14w443dkcto
Apple,MacBook Pro,Apple M1,M1 Pro,32,1,16,26567.0,17-11-2021,https://www.fcomputer.dk/apple-macbook-pro-16-2-m1-pro-32-gb-ram-1-tb-ssd-dansk-z14y18dkcto
Apple,MacBook Pro,Apple M1,M1 Pro,32,1,16,26567.0,17-11-2021,https://www.fcomputer.dk/apple-macbook-pro-16-2-m1-pro-32-gb-ram-1-tb-ssd-usa-z14y307dkcto
Apple,MacBook Pro,Apple M1,M1 Pro,32,1,16,26567.0,17-11-2021,https://www.fcomputer.dk/apple-macbook-pro-16-2-m1-pro-32-gb-ram-1-tb-ssd-dansk-z14z3dkcto
Apple,MacBook Pro,Apple M1,M1 Pro,32,1,16,26567.0,17-11-2021,https://www.fcomputer.dk/apple-macbook-pro-16-2-m1-pro-32-gb-ram-1-tb-ssd-usa-z14v895dkcto
Apple,MacBook Pro,Apple M1,M1 Pro,32,1,16,26567.0,17-11-2021,https://www.fcomputer.dk/apple-macbook-pro-16-2-m1-pro-32-gb-ram-1-tb-ssd-dansk-z14w3dkcto
Apple,MacBook Pro,Apple M1,M1 Pro,32,1,16,26567.0,17-11-2021,https://www.fcomputer.dk/apple-macbook-pro-16-2-m1-pro-32-gb-ram-1-tb-ssd-usa-z14v883dkcto
Apple,MacBook Pro,Apple M1,M1 Pro,32,1,16,26567.0,17-11-2021,https://www.fcomputer.dk/apple-macbook-pro-16-2-m1-pro-32-gb-ram-1-tb-ssd-usa-z14v307dkcto
Apple,MacBook Pro,Apple M1,M1 Pro,32,4,16,35287.0,17-11-2021,https://www.fcomputer.dk/apple-macbook-pro-16-2-m1-pro-32-gb-ram-4-tb-ssd-dansk-z14w16dkcto
Apple,MacBook Pro,Apple M1,M1 Pro,32,4,16,35287.0,17-11-2021,https://www.fcomputer.dk/apple-macbook-pro-16-2-m1-pro-32-gb-ram-4-tb-ssd-dansk-z14v20dkcto
Apple,MacBook Pro,Apple M1,M1 Pro,32,2,16,30055.0,17-11-2021,https://www.fcomputer.dk/apple-macbook-pro-16-2-m1-pro-32-gb-ram-2-tb-ssd-dansk-z14w15dkcto
Apple,MacBook Pro,Apple M1,M1 Pro,32,2,16,30055.0,17-11-2021,https://www.fcomputer.dk/apple-macbook-pro-16-2-m1-pro-32-gb-ram-2-tb-ssd-dansk-z14z15dkcto
Apple,MacBook Pro,Apple M1,M1 Pro,32,8,16,45752.0,17-11-2021,https://www.fcomputer.dk/apple-macbook-pro-16-2-m1-pro-32-gb-ram-8-tb-ssd-dansk-z14w17dkcto
Apple,MacBook Pro,Apple M1,M1 Pro,32,4,16,35287.0,17-11-2021,https://www.fcomputer.dk/apple-macbook-pro-16-2-m1-pro-32-gb-ram-4-tb-ssd-dansk-z14y20dkcto
Apple,MacBook Pro,Apple M1,M1 Pro,32,4,16,35287.0,17-11-2021,https://www.fcomputer.dk/apple-macbook-pro-16-2-m1-pro-32-gb-ram-4-tb-ssd-dansk-z14w16dkcto
Apple,MacBook Pro,Apple M1,M1 Pro,32,4,16,35287.0,17-11-2021,https://www.fcomputer.dk/apple-macbook-pro-16-2-m1-pro-32-gb-ram-4-tb-ssd-dansk-z14v20dkcto
Apple,MacBook Pro,Apple M1,M1 Pro,32,4,16,35287.0,17-11-2021,https://www.fcomputer.dk/apple-macbook-pro-16-2-m1-pro-32-gb-ram-4-tb-ssd-dansk-z14z16dkcto
Apple,MacBook Pro,Apple M1,M1 Max,32,4,16,37031.0,17-11-2021,https://www.fcomputer.dk/apple-macbook-pro-16-2-m1-max-32-gb-ram-4-tb-ssd-dansk-z14z10dkcto
Apple,MacBook Pro,Apple M1,M1 Max,32,4,16,38775.0,17-11-2021,https://www.fcomputer.dk/apple-macbook-pro-16-2-m1-max-32-gb-ram-4-tb-ssd-dansk-z14z13dkcto
Apple,MacBook Pro,Apple M1,M1 Max,32,4,16,38775.0,17-11-2021,https://www.fcomputer.dk/apple-macbook-pro-16-2-m1-max-32-gb-ram-4-tb-ssd-dansk-z1503dkcto
Apple,MacBook Pro,Apple M1,M1 Max,32,4,16,37031.0,17-11-2021,https://www.fcomputer.dk/apple-macbook-pro-16-2-m1-max-32-gb-ram-4-tb-ssd-dansk-z14y12dkcto
Apple,MacBook Pro,Apple M1,M1 Max,32,4,16,38775.0,17-11-2021,https://www.fcomputer.dk/apple-macbook-pro-16-2-m1-max-32-gb-ram-4-tb-ssd-dansk-z14y16dkcto
Apple,MacBook Pro,Apple M1,M1 Max,32,4,16,38775.0,17-11-2021,https://www.fcomputer.dk/apple-macbook-pro-16-2-m1-max-32-gb-ram-4-tb-ssd-dansk-z14v16dkcto
Apple,MacBook Pro,Apple M1,M1 Max,32,4,16,38775.0,17-11-2021,https://www.fcomputer.dk/apple-macbook-pro-16-2-m1-max-32-gb-ram-4-tb-ssd-dansk-z14w13dkcto
Apple,MacBook Pro,Apple M1,M1 Max,32,4,16,37031.0,17-11-2021,https://www.fcomputer.dk/apple-macbook-pro-16-2-m1-max-32-gb-ram-4-tb-ssd-dansk-z14w10dkcto
Apple,MacBook Pro,Apple M1,M1 Max,32,4,16,37031.0,17-11-2021,https://www.fcomputer.dk/apple-macbook-pro-16-2-m1-max-32-gb-ram-4-tb-ssd-dansk-z14v12dkcto
Apple,MacBook Pro,Apple M1,M1 Pro,32,4,14,33543.0,17-11-2021,https://www.fcomputer.dk/apple-macbook-pro-14-2-m1-pro-32-gb-ram-4-tb-ssd-dansk-z15k16dkcto
Apple,MacBook Pro,Apple M1,M1 Pro,32,4,14,33543.0,17-11-2021,https://www.fcomputer.dk/apple-macbook-pro-14-2-m1-pro-32-gb-ram-4-tb-ssd-dansk-z15g90dkcto
Apple,MacBook Pro,Apple M1,M1 Pro,32,4,14,33543.0,17-11-2021,https://www.fcomputer.dk/apple-macbook-pro-14-2-m1-pro-32-gb-ram-4-tb-ssd-dansk-z15j40dkcto
Apple,MacBook Pro,Apple M1,M1 Pro,32,4,14,33543.0,17-11-2021,https://www.fcomputer.dk/apple-macbook-pro-14-2-m1-pro-32-gb-ram-4-tb-ssd-dansk-z15j90dkcto
Apple,MacBook Pro,Apple M1,M1 Pro,32,4,14,33543.0,17-11-2021,https://www.fcomputer.dk/apple-macbook-pro-14-2-m1-pro-32-gb-ram-4-tb-ssd-dansk-z15h16dkcto
Apple,MacBook Pro,Apple M1,M1 Pro,32,4,14,33543.0,17-11-2021,https://www.fcomputer.dk/apple-macbook-pro-14-2-m1-pro-32-gb-ram-4-tb-ssd-dansk-z15g40dkcto
Apple,MacBook Pro,Apple M1,M1 Max,64,4,16,42264.0,17-11-2021,https://www.fcomputer.dk/apple-macbook-pro-16-2-m1-max-64-gb-ram-4-tb-ssd-dansk-z14v28dkcto
